"","Effect_Size","Mean_Estimate","CI_Lower","CI_Upper","PI_Lower","PI_Upper"
"(Intercept)",4.28920467464505,-4.28920467464505,-4.30856414052835,-4.26984520876175,-7.0315164739108,-1.57006690440568
"funcnovelTRUE",0.771353233735984,-3.51785144090906,-3.78376107694243,-3.2519418048757,-6.96599438665343,-1.50490720042061
"bin.lagS",0.0857450351211895,0.0857450351211895,0.0664737064410214,0.105016363801358,-7.04496321904833,-1.5839997021086
"logYr_posS",0.0102629992857229,-0.0102629992857229,-0.0296414243104926,0.0091154257390468,-6.97455052947382,-1.51362562581744
