"","Effect_Size","Mean_Estimate","CI_Lower","CI_Upper","PI_Lower","PI_Upper"
"(Intercept)",2.75032780202064e-05,2.75032780202064e-05,-0.00117996573217513,0.00123497228821555,-0.176172132684889,0.175382247415945
"funcnovelTRUE",0.0559834217331124,-0.0559559184550922,-0.0730699137732707,-0.0388419231369137,-0.17605968682209,0.175472758780672
"bin.lagS",0.000107883817456844,-0.000107883817456844,-0.00129509044445878,0.00107932280954509,-0.175849075237772,0.175675922506945
"logYr_posS",0.00023117718345655,0.00023117718345655,-0.000975366854607633,0.00143772122152073,-0.175860214445151,0.175662401312027
