"","Effect_Size","Mean_Estimate","CI_Lower","CI_Upper","PI_Lower","PI_Upper"
"(Intercept)",4.90176152219831e-05,4.90176152219831e-05,-0.000517168040426077,0.000615203270870044,-0.0826792269868361,0.08216562245666
"funcnovelTRUE",0.0100915436843782,0.0101405612996002,0.00211576018407242,0.0181653624151279,-0.0824931188612252,0.0823414454336938
"bin.lagS",7.43343706568777e-05,7.43343706568777e-05,-0.000482350195839839,0.000631018937153594,-0.0824871636876397,0.0823439082854437
"logYr_posS",0.000138822363034931,0.000138822363034931,-0.000426929570548122,0.000704574296617983,-0.0823739820979129,0.0824559729544333
