"","Effect_Size","Mean_Estimate","CI_Lower","CI_Upper","PI_Lower","PI_Upper"
"(Intercept)",0.000107506864483989,0.000107506864483989,-0.000460471240597216,0.000675484969565193,-0.0826239590673821,0.0822441650978
"taxnovelTRUE",0.000747196351925855,-0.000639689487441866,-0.00602718590590894,0.00474780693102521,-0.0824432404607148,0.0824146063704211
"bin.lagS",7.17137122399086e-05,7.17137122399086e-05,-0.000485241386541317,0.000628668811021134,-0.0824368337373577,0.0824174841855694
"logYr_posS",0.000135109662857233,0.000135109662857233,-0.000430861742377398,0.000701081068091863,-0.0823272187207403,0.0825259997381414
