"","Effect_Size","Mean_Estimate","CI_Lower","CI_Upper","PI_Lower","PI_Upper"
"(Intercept)",8.06553479885358e-05,-8.06553479885358e-05,-0.0012927473747133,0.00113143667873622,-0.176396270769495,0.175440071113991
"taxnovelTRUE",0.0154446345296655,-0.0155252898776541,-0.0270224609735338,-0.00402811878177438,-0.176245359407138,0.175569050161454
"bin.lagS",3.84388958163929e-05,-3.84388958163929e-05,-0.00122700730793838,0.0011501295163056,-0.176107167748266,0.175699710964005
"logYr_posS",0.000205691808969522,0.000205691808969522,-0.00100211782577163,0.00141350144371068,-0.176067311722686,0.17573722068153
