"","Effect_Size","Mean_Estimate","CI_Lower","CI_Upper","PI_Lower","PI_Upper"
"(Intercept)",0.000395848562314211,0.000395848562314211,-0.0014719636277077,0.00226366075233613,-0.285089129382816,0.283936869714447
"taxnovelTRUE",0.00315271136283556,0.00354855992514977,-0.0140068911195732,0.0211040109698728,-0.284925589961839,0.284069027075948
"bin.lagS",0.000373559391579878,-0.000373559391579878,-0.00223225585753332,0.00148513707437356,-0.28431318445844,0.28466985391723
"logYr_posS",0.000562234474786887,0.000562234474786887,-0.00129644898058876,0.00242091793016253,-0.284442440016629,0.284537905413093
