"","Effect_Size","Mean_Estimate","CI_Lower","CI_Upper","PI_Lower","PI_Upper"
"(Intercept)",0.000243656000944242,-0.000243656000944242,-0.00210385224906075,0.00161654024717226,-0.285148102215159,0.282940276189906
"trophnovelTRUE",0.103555269900723,0.103311613899779,0.0802717180509934,0.126351509748564,-0.284936267814753,0.283120767025544
"bin.lagS",0.00023981862467477,-0.00023981862467477,-0.00209498587689911,0.00161534862754957,-0.284481900146508,0.283563724238059
"logYr_posS",0.000480530028236219,0.000480530028236219,-0.00137450031521343,0.00233556037168587,-0.284522348733929,0.283520526575108
