"","Effect_Size","Mean_Estimate","CI_Lower","CI_Upper","PI_Lower","PI_Upper"
"(Intercept)",3.06268596640419,-3.06268596640419,-3.08151529521857,-3.04385663758982,-5.86833634221702,-0.28236279512918
"trophnovelTRUE",1.01768915841197,-2.04499680799223,-2.27159246909219,-1.81840114689226,-5.79594346024946,-0.210295602693567
"bin.lagS",0.0928816612690639,0.0928816612690639,0.0738455215783327,0.111917800959795,-5.8829567539858,-0.297428625546291
"logYr_posS",0.0110612410373561,-0.0110612410373561,-0.0298767280401121,0.00775424596539993,-5.8052348390512,-0.219734157358643
