"","Effect_Size","Mean_Estimate","CI_Lower","CI_Upper","PI_Lower","PI_Upper"
"(Intercept)",1.61518640773705e-06,1.61518640773705e-06,-0.0031471049468561,0.00315033531967157,-0.483179563250994,0.478413234481176
"trophnovelTRUE",0.158723378040752,-0.158721762854344,-0.197720972749981,-0.119722552958707,-0.482511591025612,0.479028152028301
"bin.lagS",0.000529050061784265,-0.000529050061784265,-0.0036692577057708,0.00261115758220227,-0.481390082767239,0.48013034601716
"logYr_posS",0.00130657357395099,0.00130657357395099,-0.00183340232705912,0.0044465494749611,-0.4813934006165,0.480122374858078
