"","Effect_Size","Mean_Estimate","CI_Lower","CI_Upper","PI_Lower","PI_Upper"
"(Intercept)",2.25510592691343,-2.25510592691343,-2.27491967009235,-2.23529218373451,-5.14449135232923,0.649751085536623
"funcnovelTRUE",0.558527982637899,-1.69657794427553,-1.96983001762044,-1.42332587093062,-5.06182404328461,0.732575088578155
"bin.lagS",0.0807476026908565,0.0807476026908565,0.0606224820636317,0.100872723318081,-5.16287601364143,0.6312678139277
"logYr_posS",0.0374444848545999,0.0374444848545999,0.0175766877658805,0.0573122819433193,-5.08788049039824,0.706315106299138
