"","Effect_Size","Mean_Estimate","CI_Lower","CI_Upper","PI_Lower","PI_Upper"
"(Intercept)",0.000404875979622466,-0.000404875979622466,-0.00467366483654728,0.00386391287730234,-0.643337194019308,0.642187699786802
"funcnovelTRUE",0.206255124806063,-0.206660000785685,-0.267275340914322,-0.146044660657048,-0.643513838643054,0.642043458534531
"bin.lagS",0.000102820402146884,-0.000102820402146884,-0.00438267084834349,0.00417703004404972,-0.643225832973595,0.642278541743445
"logYr_posS",0.00020536511432548,-0.00020536511432548,-0.00448512486229394,0.00407439463364298,-0.643349197028619,0.642165747546731
