"","Effect_Size","Mean_Estimate","CI_Lower","CI_Upper","PI_Lower","PI_Upper"
"(Intercept)",0.00504683746936814,-0.00504683746936814,-0.0091245755563784,-0.000969099382357887,-0.620080704087221,0.607910184421914
"funcnovelTRUE",0.0225148217573576,0.0174679842879895,-0.0404345003239307,0.0753704688999097,-0.620062169573286,0.607959672085897
"bin.lagS",0.00039467896483728,0.00039467896483728,-0.00369362564710271,0.00448298357677727,-0.619638908069147,0.608332379688155
"logYr_posS",0.000877502642452342,-0.000877502642452342,-0.00496572061538728,0.0032107153304826,-0.619428929451253,0.608552455107565
