"","Effect_Size","Mean_Estimate","CI_Lower","CI_Upper","PI_Lower","PI_Upper"
"(Intercept)",0.000539214083099949,-0.000539214083099949,-0.00482384141514808,0.00374541324894818,-0.64404563750193,0.642310726969321
"taxnovelTRUE",0.0806621676954481,-0.081201381778548,-0.122037142629431,-0.0403656209276646,-0.643951859762682,0.642437089548439
"bin.lagS",0.000224900040778312,0.000224900040778312,-0.00405918003454262,0.00450898011609924,-0.643917029917493,0.642418808163699
"logYr_posS",0.000240390189831169,-0.000240390189831169,-0.00452290991734137,0.00404212953767903,-0.643762740729905,0.642583837237872
