"","Effect_Size","Mean_Estimate","CI_Lower","CI_Upper","PI_Lower","PI_Upper"
"(Intercept)",0.000276703119321383,-0.000276703119321383,-0.00419087237640521,0.00363746613776245,-0.619938280901325,0.620603707083781
"funcnovelTRUE",0.293742231823931,-0.294018934943252,-0.347549106766797,-0.240488763119708,-0.624114065550544,0.616528250312205
"bin.lagS",0.000673319279142961,-0.000673319279142961,-0.00458928428542404,0.00324264572713812,-0.620872892287136,0.619671108862406
"logYr_posS",0.00188690110747235,0.00188690110747235,-0.00202889995267733,0.00580270216762202,-0.62248463666741,0.618090837335876
