"","Effect_Size","Mean_Estimate","CI_Lower","CI_Upper","PI_Lower","PI_Upper"
"(Intercept)",0.00467802475910693,-0.00467802475910693,-0.0085596499047437,-0.000796399613470157,-0.618874793987363,0.611352786505353
"funcnovelTRUE",0.0593671917951275,-0.0640452165542345,-0.117130315167301,-0.010960117941168,-0.626440389934946,0.603886684265653
"bin.lagS",0.000695519756377593,-0.000695519756377593,-0.00457892572056907,0.00318788620781389,-0.620576586652806,0.609652990266019
"logYr_posS",0.00343746189334499,0.00343746189334499,-0.000445781487834777,0.00732070527452475,-0.623499719560784,0.606761068532744
