"","Effect_Size","Mean_Estimate","CI_Lower","CI_Upper","PI_Lower","PI_Upper"
"(Intercept)",2.23798726320122,-2.23798726320122,-2.256667076061,-2.21930745034145,-5.1420959505032,0.621318075211998
"funcnovelTRUE",0.805943212415943,-1.43204405078528,-1.68077656768716,-1.1833115338834,-5.20116114571042,0.562743340926052
"bin.lagS",0.0758738731626932,0.0758738731626932,0.0569255897301516,0.0948221565952348,-5.1554113258952,0.608012195045439
"logYr_posS",0.0269020020047142,0.0269020020047142,0.0082085795340862,0.0455954244753422,-5.17824286185401,0.585334394036942
