"","Effect_Size","Mean_Estimate","CI_Lower","CI_Upper","PI_Lower","PI_Upper"
"(Intercept)",0.0043234976656946,-0.0043234976656946,-0.00821694365350444,-0.000430051677884763,-0.618545436471846,0.611558475903724
"taxnovelTRUE",0.0580991845638003,-0.0624226822294949,-0.0986429625100342,-0.0262024019489556,-0.626117409381925,0.604085985926565
"bin.lagS",0.000454778605281895,-0.000454778605281895,-0.00433950952008156,0.00342995230951777,-0.620248673325271,0.609857235272439
"logYr_posS",0.00344038093609895,0.00344038093609895,-0.000442455831863817,0.00732321770406172,-0.623174273575369,0.606962842821273
