"","Effect_Size","Mean_Estimate","CI_Lower","CI_Upper","PI_Lower","PI_Upper"
"(Intercept)",0.000963334927642747,-0.000963334927642747,-0.00489750058783532,0.00297083073254982,-0.622026460677408,0.620942514797913
"taxnovelTRUE",0.0764400502169504,-0.0774033851445931,-0.11400247585457,-0.0408042944346163,-0.626047188689914,0.617022310162306
"bin.lagS",0.00019400567446067,-0.00019400567446067,-0.00411936511490085,0.00373135376597951,-0.622925963464313,0.620045029110671
"logYr_posS",0.00181593942583311,0.00181593942583311,-0.00210750605780264,0.00573938490946885,-0.624477716600924,0.618524810160299
