"","Effect_Size","Mean_Estimate","CI_Lower","CI_Upper","PI_Lower","PI_Upper"
"(Intercept)",0.00119773951459832,-0.00119773951459832,-0.00340162303557222,0.00100614400637558,-0.326839186564199,0.33705572604293
"funcnovelTRUE",0.169287272221757,0.168089532707159,0.135149357016872,0.201029708397446,-0.332471673600534,0.331384276276316
"bin.lagS",0.00425590895344194,-0.00425590895344194,-0.00645680182935899,-0.00205501607752489,-0.3299512962946,0.333891064040461
"logYr_posS",0.00235279691068889,-0.00235279691068889,-0.00455356419383861,-0.000152029627539168,-0.334442931025565,0.329395331658702
