"","Effect_Size","Mean_Estimate","CI_Lower","CI_Upper","PI_Lower","PI_Upper"
"(Intercept)",0.00555530214702083,-0.00555530214702083,-0.0129636178825518,0.00185301358851019,-1.11425776267943,1.11687262068229
"funcnovelTRUE",0.4811073483383,0.47555204619128,0.37035670802207,0.580747384360489,-1.11801741163315,1.11298202556633
"bin.lagS",0.00133370678643055,-0.00133370678643055,-0.00872988422093923,0.00606247064807813,-1.11840832750659,1.11254540865871
"logYr_posS",0.00317782580486091,-0.00317782580486091,-0.0105738191788969,0.0042181675691751,-1.12066212184684,1.11027785412075
