"","Effect_Size","Mean_Estimate","CI_Lower","CI_Upper","PI_Lower","PI_Upper"
"(Intercept)",1.89115669164248,-1.89115669164248,-1.90821677267739,-1.87409661060758,-4.44418282206352,0.545178365066991
"funcnovelTRUE",0.626437744224527,-1.26471894741796,-1.49999577962167,-1.02944211521425,-4.35972967646806,0.629321434859828
"bin.lagS",0.0847576818194014,0.0847576818194014,0.0675043210031449,0.102011042635658,-4.42626642780915,0.562675694669338
"logYr_posS",0.0132745467944498,0.0132745467944498,-0.00378237851183949,0.0303314721007391,-4.34848747440474,0.640422804862472
