"","Effect_Size","Mean_Estimate","CI_Lower","CI_Upper","PI_Lower","PI_Upper"
"(Intercept)",2.00047574722343,-2.00047574722343,-2.01779338068966,-1.98315811375721,-4.58572099210344,0.478963524489603
"funcnovelTRUE",0.63629395072385,-1.36418179649958,-1.60301055322475,-1.12535303977442,-4.51108071806054,0.553289041581135
"bin.lagS",0.0740838351687644,0.0740838351687644,0.0565700040172572,0.0915976663202716,-4.56876215238692,0.495496973023777
"logYr_posS",0.0125543122614243,0.0125543122614243,-0.00476011783481237,0.0298687423576609,-4.50044359838803,0.563783203081174
