"","Effect_Size","Mean_Estimate","CI_Lower","CI_Upper","PI_Lower","PI_Upper"
"(Intercept)",0.000200714608724612,-0.000200714608724612,-0.00168038635520146,0.00127895713775223,-0.220582248236684,0.225044086927843
"funcnovelTRUE",0.0862693524136277,-0.0864700670223523,-0.107480857505204,-0.0654592765395005,-0.222006389286829,0.22359379184438
"bin.lagS",0.000588672686385477,-0.000588672686385477,-0.00206592003550749,0.000888574662736537,-0.222037559467698,0.223553493741393
"logYr_posS",0.00110424834733094,-0.00110424834733094,-0.00258145893383501,0.00037296223917312,-0.22292978052949,0.222658524338885
