"","Effect_Size","Mean_Estimate","CI_Lower","CI_Upper","PI_Lower","PI_Upper"
"(Intercept)",0.00134499706678112,-0.00134499706678112,-0.00362267244337215,0.000932678309809907,-0.33857566728461,0.347381967022781
"funcnovelTRUE",0.134633669049706,0.133288671982925,0.100946525666047,0.165630818299803,-0.344017099790204,0.341900275319274
"bin.lagS",0.00431840454955755,-0.00431840454955755,-0.0065923480240079,-0.0020444610751072,-0.341299651320196,0.344603673076009
"logYr_posS",0.00206248421793786,-0.00206248421793786,-0.00433637110327655,0.000211402667400827,-0.345743734603411,0.340155359240991
