"","Effect_Size","Mean_Estimate","CI_Lower","CI_Upper","PI_Lower","PI_Upper"
"(Intercept)",0.00517982563027226,-0.00517982563027226,-0.0127593915210465,0.00239974026050197,-1.13867208237317,1.14458616914816
"funcnovelTRUE",0.517336169522596,0.512156343892324,0.39886894475252,0.625443743032128,-1.14294286032064,1.14018139111465
"bin.lagS",0.00130125054405214,-0.00130125054405214,-0.00887053104948338,0.00626802996137911,-1.14367752525131,1.13939998921878
"logYr_posS",0.00382024704369248,-0.00382024704369248,-0.0113890956122058,0.00374860152482088,-1.14612754457914,1.13693587730671
