"","Effect_Size","Mean_Estimate","CI_Lower","CI_Upper","PI_Lower","PI_Upper"
"(Intercept)",0.000775054830375443,0.000775054830375443,-0.00462203052794785,0.00617214018869873,-0.801069265804177,0.824347570413943
"funcnovelTRUE",0.00217656613729227,-0.00140151130691683,-0.0780381234148389,0.0752351008010053,-0.807986321766307,0.817335117921726
"bin.lagS",0.00340078081562171,-0.00340078081562171,-0.00878902321299931,0.0019874615817559,-0.807393373596976,0.817894772102078
"logYr_posS",0.00478931949266085,-0.00478931949266085,-0.0101774277988202,0.000598788813498522,-0.81199532761155,0.813282793546947
