"","Effect_Size","Mean_Estimate","CI_Lower","CI_Upper","PI_Lower","PI_Upper"
"(Intercept)",0.000451084661905586,0.000451084661905586,-0.00442711372220213,0.0053292830460133,-0.724042834171301,0.74510305801152
"funcnovelTRUE",0.010153279424247,-0.0097021947623414,-0.0789708041186512,0.0595664145939684,-0.730644264552052,0.738415402720836
"bin.lagS",0.00341463307155408,-0.00341463307155408,-0.00828483867531241,0.00145557253220425,-0.729846662839886,0.739182911397141
"logYr_posS",0.00439463692494931,-0.00439463692494931,-0.00926472132929709,0.000475447479398467,-0.734323190071976,0.734697323404602
