"","Effect_Size","Mean_Estimate","CI_Lower","CI_Upper","PI_Lower","PI_Upper"
"(Intercept)",0.000173250416963215,-0.000173250416963215,-0.0014415778246704,0.00109507699074397,-0.188673303371391,0.193303372084528
"funcnovelTRUE",0.0691712332727733,-0.0693444836897365,-0.0873542628792395,-0.0513347045002335,-0.190210438865367,0.191743818187715
"bin.lagS",0.000712482220154315,-0.000712482220154315,-0.00197873151180662,0.000553767071497991,-0.190137961633628,0.191808471255868
"logYr_posS",0.00110936669077819,-0.00110936669077819,-0.00237558447068741,0.000156851089131036,-0.19113898583254,0.190805091266988
