"","Effect_Size","Mean_Estimate","CI_Lower","CI_Upper","PI_Lower","PI_Upper"
"(Intercept)",1.57963534458889,-1.57963534458889,-1.59684445034105,-1.56242623883673,-4.07962677007876,0.953317922819898
"funcnovelTRUE",0.59709347345144,-0.982541871137448,-1.21987391417655,-0.745209828098349,-4.01893265583563,1.01369925265904
"bin.lagS",0.0956627307751222,0.0956627307751222,0.0782586568871012,0.113066804663143,-4.11428005030634,0.918241917289967
"logYr_posS",0.0261374564978484,-0.0261374564978484,-0.0433433789551941,-0.00893153404050279,-4.04085876524086,0.991631080984561
