"","Effect_Size","Mean_Estimate","CI_Lower","CI_Upper","PI_Lower","PI_Upper"
"(Intercept)",1.67831040413426,-1.67831040413426,-1.69643205547283,-1.66018875279569,-4.30550143449015,0.994324729897151
"funcnovelTRUE",0.643852010277266,-1.03445839385699,-1.28437542018968,-0.784541367524303,-4.25339798905001,1.04609880494496
"bin.lagS",0.0871894318328031,0.0871894318328031,0.0688624738018893,0.105516389863717,-4.34218566761841,0.957195355652813
"logYr_posS",0.0276684312866747,-0.0276684312866747,-0.0457867305301621,-0.00955013204318738,-4.27660879190918,1.02273840669432
