"","Effect_Size","Mean_Estimate","CI_Lower","CI_Upper","PI_Lower","PI_Upper"
"(Intercept)",0.000395584658567614,-0.000395584658567614,-0.00188161911888473,0.00109044980174951,-0.221005023695843,0.225170666583992
"taxnovelTRUE",0.0211502489130151,-0.0215458335715827,-0.0357116826772865,-0.00737998446587889,-0.222377511902104,0.223772016998247
"bin.lagS",0.000487560091799312,-0.000487560091799312,-0.00196710617436939,0.000991985990770763,-0.222516686536962,0.223623614773237
"logYr_posS",0.00114653434757222,-0.00114653434757222,-0.00262586245112648,0.000332793755982035,-0.223336461641147,0.222801132655738
