"","Effect_Size","Mean_Estimate","CI_Lower","CI_Upper","PI_Lower","PI_Upper"
"(Intercept)",0.000384824600635577,-0.000384824600635577,-0.00165851575348877,0.00088886655221762,-0.18908513639949,0.193335355522562
"taxnovelTRUE",0.0119364730407009,-0.0123212976413364,-0.0244629519302537,-0.000179643352419135,-0.190583952131185,0.191814116678561
"bin.lagS",0.000645246643871265,-0.000645246643871265,-0.00191337656005501,0.000622883272312484,-0.190580959970096,0.19180919980372
"logYr_posS",0.00113276439529379,-0.00113276439529379,-0.00240070748004707,0.00013517868945948,-0.191532165836825,0.190855673735811
