"","Effect_Size","Mean_Estimate","CI_Lower","CI_Upper","PI_Lower","PI_Upper"
"(Intercept)",0.00397679010251363,-0.00397679010251363,-0.011420229382508,0.00346664917748074,-1.11466489644124,1.12019691026196
"taxnovelTRUE",0.0733143045905193,0.0693375144880056,-0.00161820052641419,0.140293229502425,-1.11868502457634,1.11604574166657
"bin.lagS",0.00177460345219091,-0.00177460345219091,-0.00918554291668606,0.00563633601230424,-1.11862517174229,1.11605937416804
"logYr_posS",0.00303539883944192,-0.00303539883944192,-0.0104452464627908,0.00437444878390697,-1.12120970986691,1.11346127680925
