"","Effect_Size","Mean_Estimate","CI_Lower","CI_Upper","PI_Lower","PI_Upper"
"(Intercept)",0.000171071680708126,0.000171071680708126,-0.00524205277969123,0.00558419614110748,-0.801769399367524,0.823498794059118
"taxnovelTRUE",0.0538430124516191,0.0540140841323272,0.00241265338216305,0.105615514882491,-0.808718716125302,0.816454180182072
"bin.lagS",0.00354805561131168,-0.00354805561131168,-0.00893754509067342,0.00184143386805006,-0.807943058787438,0.817196224508061
"logYr_posS",0.00467661311088115,-0.00467661311088115,-0.0100653085658956,0.000712082344133319,-0.812632791284261,0.812496631270875
