"","Effect_Size","Mean_Estimate","CI_Lower","CI_Upper","PI_Lower","PI_Upper"
"(Intercept)",0.00199502224775149,-0.00199502224775149,-0.00427720172482056,0.00028715722931757,-0.339200728238684,0.346014205004834
"taxnovelTRUE",0.119614056974759,0.117619034727008,0.0958638123767838,0.139374257077232,-0.344776184988584,0.34039857088022
"bin.lagS",0.00471483299009613,-0.00471483299009613,-0.00698704793206914,-0.00244261804812312,-0.34159495264821,0.34356563193626
"logYr_posS",0.00181528330652774,-0.00181528330652774,-0.00408716348692582,0.000456596873870341,-0.346294753206424,0.338861674078606
