"","Effect_Size","Mean_Estimate","CI_Lower","CI_Upper","PI_Lower","PI_Upper"
"(Intercept)",0.00180766770062382,-0.00180766770062382,-0.00401729424350368,0.000401958842256037,-0.327648346924717,0.335782868405027
"taxnovelTRUE",0.124156556290192,0.122348888589568,0.101285288099634,0.143412489079501,-0.333431524698411,0.329960790538468
"bin.lagS",0.00472646112583289,-0.00472646112583289,-0.00692643991687862,-0.00252648233478716,-0.330355752072183,0.333022842400696
"logYr_posS",0.00204942216649175,-0.00204942216649175,-0.0042490768383922,0.000150232505408697,-0.335147434243832,0.328227135094617
