"","Effect_Size","Mean_Estimate","CI_Lower","CI_Upper","PI_Lower","PI_Upper"
"(Intercept)",1.6882302306885,-1.6882302306885,-1.70634694752095,-1.67011351385605,-4.30968974750009,0.971539862252629
"taxnovelTRUE",1.13944200872335,-0.54878822196515,-0.716526812548704,-0.381049631381595,-4.25875621193867,1.02214554680318
"bin.lagS",0.0834058409783316,0.0834058409783316,0.0651366529972988,0.101675028959364,-4.34305350567293,0.937731689555873
"logYr_posS",0.025178852786275,-0.025178852786275,-0.0432373033821976,-0.00712040219035239,-4.27987177240719,1.00088033748123
