"","Effect_Size","Mean_Estimate","CI_Lower","CI_Upper","PI_Lower","PI_Upper"
"(Intercept)",1.90169564339295,-1.90169564339295,-1.91873631729825,-1.88465496948765,-4.44753393694138,0.520016885380384
"taxnovelTRUE",1.18462447762714,-0.717071165765808,-0.874846917846287,-0.559295413685329,-4.36427718975763,0.602965254273657
"bin.lagS",0.0808469112391511,0.0808469112391511,0.063662822213607,0.0980310002646953,-4.42616515687787,0.54096764693365
"logYr_posS",0.0158631364999784,0.0158631364999784,-0.0011227318936195,0.0328490048935764,-4.35085648054817,0.616245203027729
