"","Effect_Size","Mean_Estimate","CI_Lower","CI_Upper","PI_Lower","PI_Upper"
"(Intercept)",1.59047986645565,-1.59047986645565,-1.60766783899319,-1.5732918939181,-4.08300968958126,0.92748036424016
"taxnovelTRUE",1.19758209804674,-0.392897768408912,-0.552037325266822,-0.233758211551002,-4.02350824815843,0.986670761767815
"bin.lagS",0.0917284440612597,0.0917284440612597,0.0743958167311927,0.109061071391327,-4.11417251136442,0.895895910618128
"logYr_posS",0.0235203066178697,-0.0235203066178697,-0.0406529999079333,-0.00638761332780616,-4.04323182107232,0.96680521167303
