"","Effect_Size","Mean_Estimate","CI_Lower","CI_Upper","PI_Lower","PI_Upper"
"(Intercept)",0.00020706558620688,-0.00020706558620688,-0.00509964151486153,0.00468551034244777,-0.724792369923747,0.744183283405416
"taxnovelTRUE",0.0551685917442483,0.0549615261580415,0.00832230331745538,0.101600748998628,-0.731423304054097,0.737466216322606
"bin.lagS",0.00356159949032153,-0.00356159949032153,-0.00843281327588399,0.00130961429524093,-0.730441819983823,0.738417319747841
"logYr_posS",0.0042789751280065,-0.0042789751280065,-0.00914947124590093,0.000591520989887942,-0.735004819568168,0.733845407672883
