"","Effect_Size","Mean_Estimate","CI_Lower","CI_Upper","PI_Lower","PI_Upper"
"(Intercept)",2.01182369630123,-2.01182369630123,-2.02911335732984,-1.99453403527263,-4.58874827648287,0.451385132419988
"taxnovelTRUE",1.25834625702399,-0.753477439277247,-0.913558506913698,-0.593396371640797,-4.51536535119931,0.524455173592238
"bin.lagS",0.0699451883353313,0.0699451883353313,0.0525100166990348,0.0873803599716278,-4.56812201443091,0.471587268150063
"logYr_posS",0.0153041933430356,0.0153041933430356,-0.00192986139176562,0.0325382480778368,-4.50241401714634,0.537263690490599
